total_ssds,m,k,l,cached_ssds,cached_m,cached_k,cached_l,cached_network_m,cached_network_k,cached_network_l,inter_replicas,intra_replicas,cached_write_ratio,network_m,network_k,network_l,capacity,qlc,simulation,dwpd,guaranteed_years,dwpd_limit,op_ratio,waf_ratio,ssd_read_bw,ssd_write_bw,qlc_cache,cached_dwpd_limit,cached_ssd_read_bw,cached_ssd_write_bw,write_through,config_file,nprocs,box_mttf,io_module_mttf,active_active,single_port_ssd,rebuild_bw_ratio,target_perf_ratio,simulation_year,up_time,cached_up_time,simulation_time,effective_up_time,credit_up_time,uncached_availability,cached_availability,availability,avail_nines,total_credit_ratio,effective_availability,eff_avail_nines,credit_availability,credit_avail_nines,operation_cost_per_year,repair_cost_per_year,down_cost_per_year,cached_ssd_repair_cost_per_year,uncached_ssd_repair_cost_per_year,initial_cost,cached_initial_cost,uncached_initial_cost,repair_cost_for_10_years,down_cost_for_10_years,cached_ssd_repair_cost_for_10_years,uncached_ssd_repair_cost_for_10_years,total_cost_for_10_years,effective_capacity,initial_cost_per_gb,cost_per_gb,avg_time_for_rebuilding,cached_mttf,mttf,total_mttdl,total_mttdl_count
48,47,1,0,0,0,0,0,8,0,0,0,0,0,8,0,0,128000000000000,True,True,0.36,5,0.26,0.07,0,7000000000.0,4000000000.0,False,1,7000000000.0,4000000000.0,False,/home/sejun000/availability/2tier.json,20,7277969952.0,0,True,False,0.2,1.0,10,6015681171.906248,7008000000.0,7008000000.0,6014782776.257433,6014782776.257433,0.8584019937080833,1.0,0.8584019937080833,0.8489428614945178,0.9999919368306165,0.8582737979819396,0.848549850952995,0.8582737979819396,0.848549850952995,3200292.6207692227,1349024.8739874999,1851267.7467817229,0.0,1347935.744,5022578.0,0.0,4915200.0,13490248.739874998,18512677.46781723,0.0,13479357.44,37025504.20769223,6016000000000000.0,0.10435875166223403,0.7693131692090306,311.3850151587701,121666.66666666667,31633.333333333336,8291.122793419721,725535
48,46,2,0,0,0,0,0,8,0,0,0,0,0,8,0,0,128000000000000,True,True,0.36,5,0.26,0.07,0,7000000000.0,4000000000.0,False,1,7000000000.0,4000000000.0,False,/home/sejun000/availability/2tier.json,20,7277969952.0,0,True,False,0.2,1.0,10,6981272989.843243,7008000000.0,7008000000.0,6980228953.620412,6980228953.620412,0.9961862143041157,1.0,0.9961862143041157,2.4186437144650967,0.3799508120099292,0.996037236532593,2.402001849408338,0.996037236532593,2.402001849408338,2066502.342101809,1359228.94267625,707273.3994255593,0.0,1358135.936,5022578.0,0.0,4915200.0,13592289.426762499,7072733.994255593,0.0,13581359.36,25687601.42101809,5888000000000000.0,0.10662742017663043,0.5453380057111517,67.12144830852834,121666.66666666667,31633.333333333336,193933.4120810279,35976
48,45,3,0,0,0,0,0,8,0,0,0,0,0,8,0,0,128000000000000,True,True,0.36,5,0.26,0.07,0,7000000000.0,4000000000.0,False,1,7000000000.0,4000000000.0,False,/home/sejun000/availability/2tier.json,20,7277969952.0,0,True,False,0.2,1.0,10,7007358200.945925,7008000000.0,7008000000.0,7006312379.620728,7006312379.620728,0.9999084190847496,1.0,0.9999084190847496,4.038195020491474,0.08471998879572058,0.9997591865897157,3.6183193319894267,0.9997591865897157,3.6183193319894267,1517087.9526043378,1359370.79859,157717.1540143378,0.0,1358282.496,5022578.0,0.0,4915200.0,13593707.9859,1577171.540143378,0.0,13582824.96,20193457.526043378,5760000000000000.0,0.10899691840277778,0.4382260747839275,58.64723951450235,121666.66666666667,31633.333333333336,5216789.251918149,1319
48,44,4,0,0,0,0,0,8,0,0,0,0,0,8,0,0,128000000000000,True,True,0.36,5,0.26,0.07,0,7000000000.0,4000000000.0,False,1,7000000000.0,4000000000.0,False,/home/sejun000/availability/2tier.json,20,7277969952.0,0,True,False,0.2,1.0,10,7007980510.953776,7008000000.0,7008000000.0,7006933369.210951,7006933369.210951,0.9999972190287922,1.0,0.9999972190287922,5.555803507495171,0.07202002295141657,0.999847798118001,3.817579977415984,0.999847798118001,3.817579977415984,1493644.61605717,1359556.69350375,134087.9225534201,0.0,1358465.664,5022578.0,0.0,4915200.0,13595566.935037501,1340879.225534201,0.0,13584656.64,19959024.1605717,5632000000000000.0,0.11147412109375,0.44298260299564324,58.356882797347474,121666.66666666667,31633.333333333336,90451011.33991593,47
48,43,5,0,0,0,0,0,8,0,0,0,0,0,8,0,0,128000000000000,True,True,0.36,5,0.26,0.07,0,7000000000.0,4000000000.0,False,1,7000000000.0,4000000000.0,False,/home/sejun000/availability/2tier.json,20,7277969952.0,0,True,False,0.2,1.0,10,7007999958.521731,7008000000.0,7008000000.0,7006954430.906468,7006954430.906468,0.9999999940812972,1.0,0.9999999940812972,8.227773470675238,0.07148090288831804,0.9998508034969276,3.8262413559125643,0.9998508034969276,3.8262413559125643,1492927.7227049775,1359824.4054100001,133103.3172949773,0.0,1358737.408,5022578.0,0.0,4915200.0,13598244.054100001,1331033.1729497733,0.0,13587374.08,19951855.227049775,5504000000000000.0,0.11406654251453488,0.45312171209687896,58.366872422234614,121666.66666666667,31633.333333333336,0,0
48,42,6,0,0,0,0,0,8,0,0,0,0,0,8,0,0,128000000000000,True,True,0.36,5,0.26,0.07,0,7000000000.0,4000000000.0,False,1,7000000000.0,4000000000.0,False,/home/sejun000/availability/2tier.json,20,7277969952.0,0,True,False,0.2,1.0,10,7007999910.273888,7008000000.0,7008000000.0,7006952828.3389,7006952828.3389,0.9999999871966164,1.0,0.9999999871966164,7.892675243320052,0.07162924017493077,0.9998505748200485,3.8255762124766375,0.9998505748200485,3.8255762124766375,1493432.9902559046,1360038.1466187502,133394.84363715452,0.0,1358948.096,5022578.0,0.0,4915200.0,13600381.466187501,1333948.4363715453,0.0,13589480.959999999,19956907.902559046,5376000000000000.0,0.11678241257440478,0.4640278065141147,59.21041537653142,121666.66666666667,31633.333333333336,0,0
48,1,0,0,0,0,0,0,47,0,0,0,0,0,47,1,0,128000000000000,True,True,0.36,5,0.26,0.07,0,7000000000.0,4000000000.0,False,1,7000000000.0,4000000000.0,False,/home/sejun000/availability/2tier.json,20,7277969952.0,0,True,False,0.2,1.0,10,6894617675.142056,7008000000.0,7008000000.0,6504635615.58502,6503463355.788643,0.9838210152885355,1.0,0.9838210152885355,1.791048735384025,1.0000006251672002,0.9281728903517438,1.1437116093994855,0.9280056158374205,1.1427013788787779,3170033.0615125396,1333887.0568075,1836146.0047050396,0.0,1332799.232,5022578.0,0.0,4915200.0,13338870.568075001,18361460.047050394,0.0,13327992.32,36722908.615125395,6016000000000000.0,0.10435875166223403,0.7630258605203913,666.9136574821615,121666.66666666667,31633.333333333336,1568.676486042579,3634795
48,1,0,0,0,0,0,0,46,0,0,0,0,0,46,2,0,128000000000000,True,True,0.36,5,0.26,0.07,0,7000000000.0,4000000000.0,False,1,7000000000.0,4000000000.0,False,/home/sejun000/availability/2tier.json,20,7277969952.0,0,True,False,0.2,1.0,10,6976202170.158786,7008000000.0,7008000000.0,6282397870.824115,6282396965.76693,0.9954626384358998,1.0,0.9954626384358998,2.3431966121739083,1.0000008701316956,0.896460883393852,0.984895544730944,0.8964607542475641,0.9848950030276048,3202221.5373092424,1349981.06280875,1852240.4745004924,0.0,1348893.44,5022578.0,0.0,4915200.0,13499810.6280875,18522404.745004926,0.0,13488934.399999999,37044793.37309243,5888000000000000.0,0.10662742017663043,0.7864468701828385,303.55680173708635,121666.66666666667,31633.333333333336,3375.326818026566,1836117
48,1,0,0,0,0,0,0,45,0,0,0,0,0,45,3,0,128000000000000,True,True,0.36,5,0.26,0.07,0,7000000000.0,4000000000.0,False,1,7000000000.0,4000000000.0,False,/home/sejun000/availability/2tier.json,20,7277969952.0,0,True,False,0.2,1.0,10,7000665405.99273,7008000000.0,7008000000.0,6219679529.724757,6219679529.724757,0.9989533969738484,1.0,0.9989533969738484,2.9802180138739915,1.0000008001682672,0.8875113484196286,0.9488912891492712,0.8875113484196286,0.9488912891492712,3210283.5661408016,1354012.14040625,1856271.4257345519,0.0,1352931.968,5022578.0,0.0,4915200.0,13540121.4040625,18562714.25734552,0.0,13529319.680000002,37125413.661408015,5760000000000000.0,0.10899691840277778,0.8056730395270837,199.70308054727272,121666.66666666667,31633.333333333336,27387.40504540711,253517
48,1,0,0,0,0,0,0,44,0,0,0,0,0,44,4,0,128000000000000,True,True,0.36,5,0.26,0.07,0,7000000000.0,4000000000.0,False,1,7000000000.0,4000000000.0,False,/home/sejun000/availability/2tier.json,20,7277969952.0,0,True,False,0.2,1.0,10,7006627907.1385145,7008000000.0,7008000000.0,6206639300.69993,6206639300.69993,0.9998042104935095,1.0,0.9998042104935095,3.7082105883010694,1.0000009338753408,0.885650585145538,0.9417660534107828,0.885650585145538,0.9417660534107828,3213196.8616174343,1355468.66336625,1857728.1982511843,0.0,1354386.304,5022578.0,0.0,4915200.0,13554686.6336625,18577281.982511844,0.0,13543863.04,37154546.61617434,5632000000000000.0,0.11147412109375,0.8246303847694944,175.8646922582442,121666.66666666667,31633.333333333336,312515.71630773775,22288
48,1,0,0,0,0,0,0,43,0,0,0,0,0,43,5,0,128000000000000,True,True,0.36,5,0.26,0.07,0,7000000000.0,4000000000.0,False,1,7000000000.0,4000000000.0,False,/home/sejun000/availability/2tier.json,20,7277969952.0,0,True,False,0.2,1.0,10,7007791429.50807,7008000000.0,7008000000.0,6221434343.341555,6221434343.341555,0.9999702382288913,1.0,0.9999702382288913,4.5263412277012485,1.0000009672210564,0.8877617499060437,0.9498591130101935,0.8877617499060437,0.9498591130101935,3212824.1967768976,1355282.3000625,1857541.8967143977,0.0,1354196.736,5022578.0,0.0,4915200.0,13552823.000625,18575418.967143975,0.0,13541967.36,37150819.967768975,5504000000000000.0,0.11406654251453488,0.8437232005761486,171.39267356083786,121666.66666666667,31633.333333333336,1561480.6796611662,4398
48,1,0,0,0,0,0,0,42,0,0,0,0,0,42,6,0,128000000000000,True,True,0.36,5,0.26,0.07,0,7000000000.0,4000000000.0,False,1,7000000000.0,4000000000.0,False,/home/sejun000/availability/2tier.json,20,7277969952.0,0,True,False,0.2,1.0,10,7007975210.68764,7008000000.0,7008000000.0,6188921609.939917,6188921609.939917,0.9999964627122774,1.0,0.9999964627122774,5.451329613279767,1.0000007226247545,0.8831223758475908,0.9322686251708308,0.8831223758475908,0.9322686251708308,3211631.89620883,1354686.3771675,1856945.5190413303,0.0,1353591.168,5022578.0,0.0,4915200.0,13546863.771675002,18569455.190413304,0.0,13535911.68,37138896.9620883,5376000000000000.0,0.11678241257440478,0.8635346205842703,170.60874674557397,121666.66666666667,31633.333333333336,16632030.584012264,304
48,46,2,0,0,0,0,0,47,0,0,0,0,0,47,1,0,128000000000000,True,True,0.36,5,0.26,0.07,0,7000000000.0,4000000000.0,False,1,7000000000.0,4000000000.0,False,/home/sejun000/availability/2tier.json,20,7277969952.0,0,True,False,0.2,1.0,10,6916261002.127348,7008000000.0,7008000000.0,6705283738.766315,6705283738.766315,0.9869093895729664,1.0,0.9869093895729664,1.883040101431584,1.0000009207824374,0.9568041864677962,1.3645583422583807,0.9568041864677962,1.3645583422583807,3222949.235411817,1360344.8601799998,1862604.3752318174,0.0,1359253.248,5022578.0,0.0,4915200.0,13603448.601799998,18626043.752318174,0.0,13592532.479999999,37252070.35411817,5765333333333333.0,0.10889608869102683,0.8076738195417619,59.5427551445817,121666.66666666667,31633.333333333336,30173.280874803455,229165
48,46,2,0,0,0,0,0,46,0,0,0,0,0,46,2,0,128000000000000,True,True,0.36,5,0.26,0.07,0,7000000000.0,4000000000.0,False,1,7000000000.0,4000000000.0,False,/home/sejun000/availability/2tier.json,20,7277969952.0,0,True,False,0.2,1.0,10,7002764173.950208,7008000000.0,7008000000.0,6772913473.213029,6772913473.213029,0.9992528787029406,1.0,0.9992528787029406,3.126608883636941,1.0000009772370166,0.9664545481182975,1.4743663534852927,0.9664545481182975,1.4743663534852927,3220320.659052345,1359030.52006625,1861290.138986095,0.0,1357950.336,5022578.0,0.0,4915200.0,13590305.200662501,18612901.38986095,0.0,13579503.36,37225784.59052345,5642666666666667.0,0.11126339496691871,0.8246496468245683,58.91772360782045,121666.66666666667,31633.333333333336,533827.8821038604,13078
48,46,2,0,0,0,0,0,45,0,0,0,0,0,45,3,0,128000000000000,True,True,0.36,5,0.26,0.07,0,7000000000.0,4000000000.0,False,1,7000000000.0,4000000000.0,False,/home/sejun000/availability/2tier.json,20,7277969952.0,0,True,False,0.2,1.0,10,7007781647.003057,7008000000.0,7008000000.0,6777135708.5893755,6777135708.5893755,0.9999688423234955,1.0,0.9999688423234955,4.506434936072906,1.0000007999407736,0.9670570360430045,1.482237328898553,0.9670570360430045,1.482237328898553,3221516.349108791,1359628.529855,1861887.8192537911,0.0,1358534.016,5022578.0,0.0,4915200.0,13596285.29855,18618878.19253791,0.0,13585340.16,37237741.49108791,5520000000000000.0,0.11373591485507246,0.8432459576786213,58.87976846743333,121666.66666666667,31633.333333333336,11951282.783514442,542
48,45,3,0,0,0,0,0,47,0,0,0,0,0,47,1,0,128000000000000,True,True,0.36,5,0.26,0.07,0,7000000000.0,4000000000.0,False,1,7000000000.0,4000000000.0,False,/home/sejun000/availability/2tier.json,20,7277969952.0,0,True,False,0.2,1.0,10,7007940120.157918,7008000000.0,7008000000.0,7000950439.0369005,7000950439.0369005,0.999991455501986,1.0,0.999991455501986,5.068313446828064,0.3607386392791859,0.9989940694972747,2.9974320225857314,0.9989940694972747,2.9974320225857314,2031760.0827482005,1359979.23039,671780.8523582006,0.0,1358887.424,5022578.0,0.0,4915200.0,13599792.3039,6717808.523582006,0.0,13588874.240000002,25340178.827482004,5640000000000000.0,0.11131600177304965,0.5616174385523494,58.40634056405487,121666.66666666667,31633.333333333336,28991777.506776758,164
48,45,3,0,0,0,0,0,46,0,0,0,0,0,46,2,0,128000000000000,True,True,0.36,5,0.26,0.07,0,7000000000.0,4000000000.0,False,1,7000000000.0,4000000000.0,False,/home/sejun000/availability/2tier.json,20,7277969952.0,0,True,False,0.2,1.0,10,7008000000.0,7008000000.0,7008000000.0,7001011704.103598,7001011704.103598,1.0,1.0,1.0,13,0.36071654767352335,0.9990028116586184,3.001222807688545,0.9990028116586184,3.001222807688545,2031995.3566291728,1360182.3687200001,671812.9879091728,0.0,1359094.272,5022578.0,0.0,4915200.0,13601823.687200002,6718129.879091728,0.0,13590942.72,25342531.566291727,5520000000000000.0,0.11373591485507246,0.5738797909033453,58.38988142882995,121666.66666666667,31633.333333333336,0,0
48,45,3,0,0,0,0,0,45,0,0,0,0,0,45,3,0,128000000000000,True,True,0.36,5,0.26,0.07,0,7000000000.0,4000000000.0,False,1,7000000000.0,4000000000.0,False,/home/sejun000/availability/2tier.json,20,7277969952.0,0,True,False,0.2,1.0,10,7008000000.0,7008000000.0,7008000000.0,7000961183.599426,7000961183.599426,1.0,1.0,1.0,13,0.36320785712317294,0.9989956026825665,2.9980944558808376,0.9989956026825665,2.9980944558808376,2035158.3785753106,1359098.9735225001,676059.4050528104,0.0,1358005.12,5022578.0,0.0,4915200.0,13590989.735225001,6760594.050528104,0.0,13580051.200000001,25374161.785753105,5400000000000000.0,0.11626337962962963,0.5873648561516922,58.38303310217546,121666.66666666667,31633.333333333336,0,0
48,47,1,0,0,0,0,0,8,0,0,0,0,0,8,0,0,128000000000000,True,True,0.36,5,0.26,0.07,0,7000000000.0,4000000000.0,False,1,7000000000.0,4000000000.0,False,/home/sejun000/availability/2tier.json,20,7277969952.0,0,False,False,0.2,1.0,10,5617828427.735503,7008000000.0,7008000000.0,5617828368.950633,5617828368.950633,0.8016307687978743,1.0,0.8016307687978743,0.7025256898200215,1.0000010125595722,0.8016307604096223,0.702525671455422,0.8016307604096223,0.702525671455422,3189522.919653007,1343631.6252899999,1845891.2943630067,0.0,1342550.272,5022578.0,0.0,4915200.0,13436316.252899999,18458912.943630066,0.0,13425502.72,36917807.19653007,6016000000000000.0,0.10435875166223403,0.7670754487310935,436.3107688198453,121666.66666666667,31633.333333333336,5462.657152260414,1028388
48,46,2,0,0,0,0,0,8,0,0,0,0,0,8,0,0,128000000000000,True,True,0.36,5,0.26,0.07,0,7000000000.0,4000000000.0,False,1,7000000000.0,4000000000.0,False,/home/sejun000/availability/2tier.json,20,7277969952.0,0,False,False,0.2,1.0,10,6945606163.402074,7008000000.0,7008000000.0,6945606083.314942,6945606083.314942,0.9910967698918485,1.0,0.9910967698918485,2.050452401934538,0.6100607446290329,0.9910967584638902,2.050451844485617,0.9910967584638902,2.050451844485617,2492522.97738042,1357784.30547375,1134738.67190667,0.0,1356690.048,5022578.0,0.0,4915200.0,13577843.0547375,11347386.719066702,0.0,13566900.48,29947807.773804203,5888000000000000.0,0.10662742017663043,0.6357805658501232,112.4392521531005,121666.66666666667,31633.333333333336,81249.87880886991,85468
48,45,3,0,0,0,0,0,8,0,0,0,0,0,8,0,0,128000000000000,True,True,0.36,5,0.26,0.07,0,7000000000.0,4000000000.0,False,1,7000000000.0,4000000000.0,False,/home/sejun000/availability/2tier.json,20,7277969952.0,0,False,False,0.2,1.0,10,7006196647.137907,7008000000.0,7008000000.0,7006196569.904007,7006196569.904007,0.9997426722514137,1.0,0.9997426722514137,3.5895133797121286,0.039037696790102806,0.9997426612305946,3.5894947801696033,0.9997426612305946,3.5894947801696033,1431458.4471491082,1358806.772655,72651.67449410814,0.0,1357720.96,5022578.0,0.0,4915200.0,13588067.72655,726516.7449410814,0.0,13577209.6,19337162.471491084,5760000000000000.0,0.10899691840277778,0.4196432828014558,93.54611943828934,121666.66666666667,31633.333333333336,1843924.5451849604,3780
48,44,4,0,0,0,0,0,8,0,0,0,0,0,8,0,0,128000000000000,True,True,0.36,5,0.26,0.07,0,7000000000.0,4000000000.0,False,1,7000000000.0,4000000000.0,False,/home/sejun000/availability/2tier.json,20,7277969952.0,0,False,False,0.2,1.0,10,7007948538.089736,7008000000.0,7008000000.0,7007948460.862651,7007948460.862651,0.999992656690887,1.0,0.999992656690887,5.134108189993571,0.0017326649154485864,0.9999926456710404,5.133456948013198,0.9999926456710404,5.133456948013198,1361902.789305439,1358678.4104237498,3224.378881689079,0.0,1357585.664,5022578.0,0.0,4915200.0,13586784.104237499,32243.788816890792,0.0,13575856.64,18641605.89305439,5632000000000000.0,0.11147412109375,0.41374302852127104,92.91562679855633,121666.66666666667,31633.333333333336,39510281.55046492,146
48,43,5,0,0,0,0,0,8,0,0,0,0,0,8,0,0,128000000000000,True,True,0.36,5,0.26,0.07,0,7000000000.0,4000000000.0,False,1,7000000000.0,4000000000.0,False,/home/sejun000/availability/2tier.json,20,7277969952.0,0,False,False,0.2,1.0,10,7007998136.929878,7008000000.0,7008000000.0,7007998063.570098,7007998063.570098,0.9999997341509529,1.0,0.9999997341509529,6.575364892001092,0.00036609141362399717,0.9999997236829478,6.558592312822119,0.9999997236829478,6.558592312822119,1359175.4517508217,1358494.24640375,681.2053470716944,0.0,1357408.896,5022578.0,0.0,4915200.0,13584942.4640375,6812.0534707169445,0.0,13574088.959999999,18614332.517508216,5504000000000000.0,0.11406654251453488,0.4227455604448632,92.88796605276198,121666.66666666667,31633.333333333336,154703592.35616556,6
48,42,6,0,0,0,0,0,8,0,0,0,0,0,8,0,0,128000000000000,True,True,0.36,5,0.26,0.07,0,7000000000.0,4000000000.0,False,1,7000000000.0,4000000000.0,False,/home/sejun000/availability/2tier.json,20,7277969952.0,0,False,False,0.2,1.0,10,7007999855.943515,7008000000.0,7008000000.0,7007999782.951767,7007999782.951767,0.9999999794439947,1.0,0.9999999794439947,7.687061278117162,0.0003102849550068343,0.9999999690285055,7.509037837948622,0.9999999690285055,7.509037837948622,1358780.8164179334,1358203.54325375,577.2731641834444,0.0,1357117.952,5022578.0,0.0,4915200.0,13582035.4325375,5772.7316418344435,0.0,13571179.52,18610386.164179333,5376000000000000.0,0.11678241257440478,0.4327191723441995,92.9563390080056,121666.66666666667,31633.333333333336,0,0
48,1,0,0,0,0,0,0,47,0,0,0,0,0,47,1,0,128000000000000,True,True,0.36,5,0.26,0.07,0,7000000000.0,4000000000.0,False,1,7000000000.0,4000000000.0,False,/home/sejun000/availability/2tier.json,20,7277969952.0,0,False,False,0.2,1.0,10,6890122286.54965,7008000000.0,7008000000.0,7007846937.768171,6890005962.636535,0.9831795500213542,1.0,0.9831795500213542,1.7741623901891843,1.0000007595249492,0.9999781589281066,4.6607260515915385,0.9831629512894599,1.7737340316638361,3171394.9328599228,1334567.8688725,1836827.0639874227,0.0,1333477.76,5022578.0,0.0,4915200.0,13345678.688725,18368270.639874227,0.0,13334777.6,36736527.32859923,6016000000000000.0,0.10435875166223403,0.7633088291347911,668.5771969816915,121666.66666666667,31633.333333333336,1053.352297426015,4740813
48,1,0,0,0,0,0,0,46,0,0,0,0,0,46,2,0,128000000000000,True,True,0.36,5,0.26,0.07,0,7000000000.0,4000000000.0,False,1,7000000000.0,4000000000.0,False,/home/sejun000/availability/2tier.json,20,7277969952.0,0,False,False,0.2,1.0,10,6976010271.448323,7008000000.0,7008000000.0,7007781621.219566,6975802196.2774315,0.9954352556290416,1.0,0.9954352556290416,2.3405835382590707,1.0000006992270634,0.9999688386443445,4.5063836568756255,0.9954055645373048,2.3377678445604677,3200258.4827043414,1348999.6941275,1851258.7885768414,0.0,1347907.072,5022578.0,0.0,4915200.0,13489996.941275,18512587.885768414,0.0,13479070.719999999,37025162.827043414,5888000000000000.0,0.10662742017663043,0.7860301211583605,302.8279572828292,121666.66666666667,31633.333333333336,4280.955026931275,1541429
48,1,0,0,0,0,0,0,45,0,0,0,0,0,45,3,0,128000000000000,True,True,0.36,5,0.26,0.07,0,7000000000.0,4000000000.0,False,1,7000000000.0,4000000000.0,False,/home/sejun000/availability/2tier.json,20,7277969952.0,0,False,False,0.2,1.0,10,7000693499.099394,7008000000.0,7008000000.0,7007763212.934617,7000458909.004226,0.9989574056934066,1.0,0.9989574056934066,2.981884651001014,0.644023055709636,0.9999662118913552,4.471236118023696,0.9989239310793702,2.9681599118567474,2549719.117580021,1354149.81361625,1195569.3039637706,0.0,1353062.016,5022578.0,0.0,4915200.0,13541498.136162499,11955693.039637707,0.0,13530620.16,30519769.175800208,5760000000000000.0,0.10899691840277778,0.6623213796831643,199.93082243669585,121666.66666666667,31633.333333333336,40008.90247985939,174359
48,1,0,0,0,0,0,0,44,0,0,0,0,0,44,4,0,128000000000000,True,True,0.36,5,0.26,0.07,0,7000000000.0,4000000000.0,False,1,7000000000.0,4000000000.0,False,/home/sejun000/availability/2tier.json,20,7277969952.0,0,False,False,0.2,1.0,10,7006646043.256818,7008000000.0,7008000000.0,7007759268.714913,7006405731.236675,0.999806798409934,1.0,0.999806798409934,3.713989303624273,0.09786735005786101,0.9999656490746166,4.464061558939517,0.9997725073111694,3.6430325561565335,1536937.6355957564,1355157.338075,181780.29752075628,0.0,1354068.48,5022578.0,0.0,4915200.0,13551573.38075,1817802.9752075628,0.0,13540684.8,20391954.355957564,5632000000000000.0,0.11147412109375,0.45259131649408657,175.69782967079246,121666.66666666667,31633.333333333336,192371.88982441413,36323
48,1,0,0,0,0,0,0,43,0,0,0,0,0,43,5,0,128000000000000,True,True,0.36,5,0.26,0.07,0,7000000000.0,4000000000.0,False,1,7000000000.0,4000000000.0,False,/home/sejun000/availability/2tier.json,20,7277969952.0,0,False,False,0.2,1.0,10,7007797326.167754,7008000000.0,7008000000.0,7007756197.982248,7007553583.954281,0.9999710796472252,1.0,0.9999710796472252,4.538796413756022,0.05860033415516351,0.9999652108992935,4.45855679755991,0.9999362990802342,4.195854296921541,1463257.3675871992,1354453.46691625,108803.90067094924,0.0,1353358.72,5022578.0,0.0,4915200.0,13544534.6691625,1088039.0067094923,0.0,13533587.2,19655151.67587199,5504000000000000.0,0.11406654251453488,0.44638335019694747,171.39253389173498,121666.66666666667,31633.333333333336,660677.0312692147,10413
48,1,0,0,0,0,0,0,42,0,0,0,0,0,42,6,0,128000000000000,True,True,0.36,5,0.26,0.07,0,7000000000.0,4000000000.0,False,1,7000000000.0,4000000000.0,False,/home/sejun000/availability/2tier.json,20,7277969952.0,0,False,False,0.2,1.0,10,7007974483.570671,7008000000.0,7008000000.0,7007760131.019976,7007734620.715644,0.9999963589570021,1.0,0.9999963589570021,5.438774192356225,0.051720613188535346,0.9999657721204304,4.465620004739717,0.9999621319514332,4.421727074560323,1450803.654843243,1354757.6757375,96045.97910574319,0.0,1353673.984,5022578.0,0.0,4915200.0,13547576.757375,960459.7910574318,0.0,13536739.84,19530614.548432432,5376000000000000.0,0.11678241257440478,0.4541158516655606,170.55932520813667,121666.66666666667,31633.333333333336,13256679.638362369,315
48,46,2,0,0,0,0,0,47,0,0,0,0,0,47,1,0,128000000000000,True,True,0.36,5,0.26,0.07,0,7000000000.0,4000000000.0,False,1,7000000000.0,4000000000.0,False,/home/sejun000/availability/2tier.json,20,7277969952.0,0,False,False,0.2,1.0,10,6595061345.611346,7008000000.0,7008000000.0,6594945958.015905,6594945957.934498,0.9410761052527606,1.0,0.9410761052527606,1.2297085549161006,0.9979494084327898,0.9410596401278404,1.2295872168061484,0.941059640116224,1.2295872167205546,3212319.9279315034,1356937.2888512502,1855382.6390802532,0.0,1355849.6,5022578.0,0.0,4915200.0,13569372.888512501,18553826.390802532,0.0,13558496.0,37145777.27931503,5765333333333333.0,0.10889608869102683,0.8053692460536042,97.55420228655238,121666.66666666667,31633.333333333336,6550.563899563886,1006760
48,46,2,0,0,0,0,0,46,0,0,0,0,0,46,2,0,128000000000000,True,True,0.36,5,0.26,0.07,0,7000000000.0,4000000000.0,False,1,7000000000.0,4000000000.0,False,/home/sejun000/availability/2tier.json,20,7277969952.0,0,False,False,0.2,1.0,10,6953929260.64738,7008000000.0,7008000000.0,6953788538.595425,6953788538.595425,0.9922844264622402,1.0,0.9922844264622402,2.1126317850867506,0.5753308164075858,0.9922643462607627,2.1115029782353028,0.9922643462607627,2.1115029782353028,2427714.3575122952,1357651.32321125,1070063.0343010454,0.0,1356561.024,5022578.0,0.0,4915200.0,13576513.232112499,10700630.343010454,0.0,13565610.24,29299721.575122952,5642666666666667.0,0.11126339496691871,0.6490663746852025,94.1727031698479,121666.66666666667,31633.333333333336,51370.69636967736,135337
48,46,2,0,0,0,0,0,45,0,0,0,0,0,45,3,0,128000000000000,True,True,0.36,5,0.26,0.07,0,7000000000.0,4000000000.0,False,1,7000000000.0,4000000000.0,False,/home/sejun000/availability/2tier.json,20,7277969952.0,0,False,False,0.2,1.0,10,7002749643.652902,7008000000.0,7008000000.0,7002606006.389415,7002606006.389415,0.9992508053157679,1.0,0.9992508053157679,3.125405312739499,0.11703315686453557,0.9992303091309096,3.1136836654831024,0.9992303091309096,3.1136836654831024,1576122.543176654,1358367.6706087498,217754.87256790415,0.0,1357276.544,5022578.0,0.0,4915200.0,13583676.706087498,2177548.7256790414,0.0,13572765.44,20783803.43176654,5520000000000000.0,0.11373591485507246,0.4706477226396409,93.61181450911774,121666.66666666667,31633.333333333336,527984.9192592686,13226
48,45,3,0,0,0,0,0,47,0,0,0,0,0,47,1,0,128000000000000,True,True,0.36,5,0.26,0.07,0,7000000000.0,4000000000.0,False,1,7000000000.0,4000000000.0,False,/home/sejun000/availability/2tier.json,20,7277969952.0,0,False,False,0.2,1.0,10,7007555004.06453,7008000000.0,7008000000.0,7007549883.986248,7007549883.986248,0.9999365017215369,1.0,0.9999365017215369,4.197238048946122,0.012566705852610322,0.9999357711167591,4.192269629076428,0.9999357711167591,4.192269629076428,1381731.6975258207,1358349.9867625001,23381.710763320647,0.0,1357261.824,5022578.0,0.0,4915200.0,13583499.867625002,233817.10763320647,0.0,13572618.24,18839894.97525821,5640000000000000.0,0.11131600177304965,0.41755086381334683,92.91680988643002,121666.66666666667,31633.333333333336,5681104.028716972,1174
48,45,3,0,0,0,0,0,46,0,0,0,0,0,46,2,0,128000000000000,True,True,0.36,5,0.26,0.07,0,7000000000.0,4000000000.0,False,1,7000000000.0,4000000000.0,False,/home/sejun000/availability/2tier.json,20,7277969952.0,0,False,False,0.2,1.0,10,7007998254.8813,7008000000.0,7008000000.0,7007992907.003856,7007992907.003856,0.9999997509819206,1.0,0.9999997509819206,6.603769120817837,0.006040855798231135,0.9999989878715547,5.994764369378418,0.9999989878715547,5.994764369378418,1369194.193455918,1357956.90467125,11237.288784668139,0.0,1356848.768,5022578.0,0.0,4915200.0,13579569.0467125,112372.88784668139,0.0,13568487.68,18714519.93455918,5520000000000000.0,0.11373591485507246,0.4237889477934597,92.91692067684325,121666.66666666667,31633.333333333336,73345313.720325,4
48,45,3,0,0,0,0,0,45,0,0,0,0,0,45,3,0,128000000000000,True,True,0.36,5,0.26,0.07,0,7000000000.0,4000000000.0,False,1,7000000000.0,4000000000.0,False,/home/sejun000/availability/2tier.json,20,7277969952.0,0,False,False,0.2,1.0,10,7008000000.0,7008000000.0,7008000000.0,7007994570.265601,7007994570.265601,1.0,1.0,1.0,13,0.005981842692361862,0.9999992252091325,6.110815506994558,0.9999992252091325,6.110815506994558,1369432.5128136242,1358302.9312,11129.581613624163,0.0,1357216.128,5022578.0,0.0,4915200.0,13583029.311999999,111295.81613624163,0.0,13572161.280000001,18716903.12813624,5400000000000000.0,0.11626337962962963,0.43326164648463517,92.91771826792954,121666.66666666667,31633.333333333336,0,0
48,47,1,0,0,0,0,0,8,0,0,0,0,0,8,0,0,128000000000000,True,True,0.36,5,0.26,0.07,0,7000000000.0,4000000000.0,False,1,7000000000.0,4000000000.0,False,/home/sejun000/availability/2tier-singleport.json,20,7277969952.0,4.0,True,True,0.2,0.5,10,5607349077.906738,7008000000.0,7008000000.0,5606967654.590347,5607349077.906738,0.8001354277834958,1.0,0.8001354277834958,0.6992641816420574,1.0000011962103603,0.8000810009404035,0.699145931271273,0.8001354277834958,0.6992641816420574,3187246.892481898,1343857.04370125,1843389.8487806476,0.0,1342773.888,4995306.0,0.0,4915200.0,13438570.437012501,18433898.487806477,0.0,13427738.88,36867774.92481898,6016000000000000.0,0.10379209607712765,0.7660358819152879,436.10709598599243,121666.66666666667,31633.333333333336,5467.7450983209965,1026845
48,46,2,0,0,0,0,0,8,0,0,0,0,0,8,0,0,128000000000000,True,True,0.36,5,0.26,0.07,0,7000000000.0,4000000000.0,False,1,7000000000.0,4000000000.0,False,/home/sejun000/availability/2tier-singleport.json,20,7277969952.0,4.0,True,True,0.2,0.5,10,6936929427.906648,7008000000.0,7008000000.0,6936451008.137081,6936929427.906648,0.9898586512423869,1.0,0.9898586512423869,1.9939042817842056,0.9718702941982302,0.9897903835812045,1.9909905743019083,0.9898586512423869,1.9939042817842056,3163357.571938719,1358039.9424012501,1805317.629537469,0.0,1356944.64,4995306.0,0.0,4915200.0,13580399.4240125,18053176.29537469,0.0,13569446.399999999,36628881.71938719,5888000000000000.0,0.10604844599184783,0.7776172240019359,112.5909887531192,121666.66666666667,31633.333333333336,81620.0443885335,85081
48,45,3,0,0,0,0,0,8,0,0,0,0,0,8,0,0,128000000000000,True,True,0.36,5,0.26,0.07,0,7000000000.0,4000000000.0,False,1,7000000000.0,4000000000.0,False,/home/sejun000/availability/2tier-singleport.json,20,7277969952.0,4.0,True,True,0.2,0.5,10,6997187504.824889,7008000000.0,7008000000.0,6996704012.952977,6997187504.824889,0.998457121122273,1.0,0.998457121122273,2.8116681664835284,0.9243988589556084,0.9983881297021943,2.7926699074524572,0.998457121122273,2.8116681664835284,3076138.2057439634,1358539.92893625,1717598.2768077133,0.0,1357442.56,4995306.0,0.0,4915200.0,13585399.289362501,17175982.768077135,0.0,13574425.600000001,35756688.05743963,5760000000000000.0,0.108405078125,0.7759697929131865,93.66426470410995,121666.66666666667,31633.333333333336,1865069.8086382684,3742
48,44,4,0,0,0,0,0,8,0,0,0,0,0,8,0,0,128000000000000,True,True,0.36,5,0.26,0.07,0,7000000000.0,4000000000.0,False,1,7000000000.0,4000000000.0,False,/home/sejun000/availability/2tier-singleport.json,20,7277969952.0,4.0,True,True,0.2,0.5,10,6998909358.350882,7008000000.0,7008000000.0,6998430300.105462,6998909358.350882,0.9987028193993838,1.0,0.9987028193993838,2.8869995548405085,0.918186952691471,0.9986344606314872,2.864695774629771,0.9987028193993838,2.8869995548405085,3063024.4147424735,1357720.5974100002,1705303.8173324736,0.0,1356633.6,4995306.0,0.0,4915200.0,13577205.974100001,17053038.173324734,0.0,13566336.0,35625550.147424735,5632000000000000.0,0.11086882990056818,0.7906949162691925,93.02686773027281,121666.66666666667,31633.333333333336,42915597.1382999,133
48,43,5,0,0,0,0,0,8,0,0,0,0,0,8,0,0,128000000000000,True,True,0.36,5,0.26,0.07,0,7000000000.0,4000000000.0,False,1,7000000000.0,4000000000.0,False,/home/sejun000/availability/2tier-singleport.json,20,7277969952.0,4.0,True,True,0.2,0.5,10,6998939003.749172,7008000000.0,7008000000.0,6998464110.771274,6998939003.749172,0.9987070496217426,1.0,0.9987070496217426,2.8884181424533524,0.9209778982459019,0.9986392852127959,2.8662328956078498,0.9987070496217426,2.8884181424533524,3068740.6564041013,1357997.9325575002,1710742.7238466009,0.0,1356920.32,4995306.0,0.0,4915200.0,13579979.325575002,17107427.23846601,0.0,13569203.200000001,35682712.56404101,5504000000000000.0,0.11344717478197675,0.8103813718214256,93.00484000903555,121666.66666666667,31633.333333333336,158894315.96582672,4
48,42,6,0,0,0,0,0,8,0,0,0,0,0,8,0,0,128000000000000,True,True,0.36,5,0.26,0.07,0,7000000000.0,4000000000.0,False,1,7000000000.0,4000000000.0,False,/home/sejun000/availability/2tier-singleport.json,20,7277969952.0,4.0,True,True,0.2,0.5,10,6998955513.6242,7008000000.0,7008000000.0,6998475490.310364,6998955513.6242,0.9987094054829052,1.0,0.9987094054829052,2.8892101842626268,0.9206365825866933,0.9986409090054743,2.8667514651972823,0.9987094054829052,2.8892101842626268,3069254.444831156,1358595.5427525002,1710658.9020786562,0.0,1357506.304,4995306.0,0.0,4915200.0,13585955.427525003,17106589.02078656,0.0,13575063.04,35687850.44831156,5376000000000000.0,0.11614829799107143,0.8297956298435537,93.05431259719774,121666.66666666667,31633.333333333336,204382714.73637488,1
48,1,0,0,0,0,0,0,47,0,0,0,0,0,47,1,0,128000000000000,True,True,0.36,5,0.26,0.07,0,7000000000.0,4000000000.0,False,1,7000000000.0,4000000000.0,False,/home/sejun000/availability/2tier-singleport.json,20,7277969952.0,4.0,True,True,0.2,0.5,10,6886388590.662375,7008000000.0,7008000000.0,6482672666.863211,6886336110.818811,0.9826467737817317,1.0,0.9826467737817317,1.7606197716778276,1.0000009866749542,0.9250389079428097,1.1251640951331257,0.9826392852195792,1.7604323978921321,3164999.8129542964,1332733.7025525,1832266.1104017966,0.0,1331640.96,4995306.0,0.0,4915200.0,13327337.025525,18322661.104017965,0.0,13316409.6,36645304.12954296,6016000000000000.0,0.10379209607712765,0.761413400298017,699.417048292576,121666.66666666667,31633.333333333336,1442.23826763415,3703623
48,1,0,0,0,0,0,0,46,0,0,0,0,0,46,2,0,128000000000000,True,True,0.36,5,0.26,0.07,0,7000000000.0,4000000000.0,False,1,7000000000.0,4000000000.0,False,/home/sejun000/availability/2tier-singleport.json,20,7277969952.0,4.0,True,True,0.2,0.5,10,6971609558.92852,7008000000.0,7008000000.0,6242339094.994699,6971512162.1965,0.9948073000754167,1.0,0.9948073000754167,2.284606773662033,1.0000010300770161,0.8907447338748142,0.9615576207741062,0.9947934021399115,2.2834459644577683,3196142.7710256195,1348305.13380625,1847837.6372193692,0.0,1347229.312,4995306.0,0.0,4915200.0,13483051.3380625,18478376.37219369,0.0,13472293.12,36956733.7102562,5888000000000000.0,0.10604844599184783,0.7845773970417841,322.24084178806277,121666.66666666667,31633.333333333336,4819.630876172836,1328076
48,1,0,0,0,0,0,0,45,0,0,0,0,0,45,3,0,128000000000000,True,True,0.36,5,0.26,0.07,0,7000000000.0,4000000000.0,False,1,7000000000.0,4000000000.0,False,/home/sejun000/availability/2tier-singleport.json,20,7277969952.0,4.0,True,True,0.2,0.5,10,6999341909.547031,7008000000.0,7008000000.0,6176484133.911333,6999231562.639247,0.9987645418874188,1.0,0.9987645418874188,2.908171974489528,0.7585621731111598,0.8813476218480784,0.9257235527866655,0.9987487960387054,2.902671889311659,2758790.5607782174,1353301.9074875,1405488.6532907174,0.0,1352218.88,4995306.0,0.0,4915200.0,13533019.074875,14054886.532907173,0.0,13522188.799999999,32583211.607782174,5760000000000000.0,0.108405078125,0.7071009463494395,205.24663832967568,121666.66666666667,31633.333333333336,21861.227747979163,316723
48,1,0,0,0,0,0,0,44,0,0,0,0,0,44,4,0,128000000000000,True,True,0.36,5,0.26,0.07,0,7000000000.0,4000000000.0,False,1,7000000000.0,4000000000.0,False,/home/sejun000/availability/2tier-singleport.json,20,7277969952.0,4.0,True,True,0.2,0.5,10,7006284778.36347,7008000000.0,7008000000.0,6172038688.771978,7006171659.4237385,0.9997552480541482,1.0,0.9997552480541482,3.6112738467389103,0.10401759983993002,0.8807132832151796,0.9234079146552023,0.9997391066529308,3.5835369955182315,1546975.5721418324,1354159.2075162502,192816.3646255822,0.0,1353074.432,4995306.0,0.0,4915200.0,13541592.075162502,1928163.6462558222,0.0,13530744.32,20465061.721418325,5632000000000000.0,0.11086882990056818,0.45421390539369505,177.50190900170892,121666.66666666667,31633.333333333336,182894.71016014612,38157
48,1,0,0,0,0,0,0,43,0,0,0,0,0,43,5,0,128000000000000,True,True,0.36,5,0.26,0.07,0,7000000000.0,4000000000.0,False,1,7000000000.0,4000000000.0,False,/home/sejun000/availability/2tier-singleport.json,20,7277969952.0,4.0,True,True,0.2,0.5,10,7007721805.812656,7008000000.0,7008000000.0,6169857751.107889,7007607031.933456,0.9999603033408471,1.0,0.9999603033408471,4.4012460416625405,0.03788282365015164,0.8804020763567193,0.9222763601309969,0.9999439257895913,4.251236833083019,1425356.3762559542,1355097.8150712498,70258.56118470439,0.0,1354011.008,4995306.0,0.0,4915200.0,13550978.150712498,702585.611847044,0.0,13540110.079999998,19248869.76255954,5504000000000000.0,0.11344717478197675,0.4371563808720826,171.7707121625821,121666.66666666667,31633.333333333336,424791.641944961,16123
48,1,0,0,0,0,0,0,42,0,0,0,0,0,42,6,0,128000000000000,True,True,0.36,5,0.26,0.07,0,7000000000.0,4000000000.0,False,1,7000000000.0,4000000000.0,False,/home/sejun000/availability/2tier-singleport.json,20,7277969952.0,4.0,True,True,0.2,0.5,10,7007962508.7541895,7008000000.0,7008000000.0,6156144248.502013,7007847912.766403,0.9999946502217736,1.0,0.9999946502217736,5.27166422116387,0.022669257322834365,0.8784452409392142,0.9152280331729458,0.9999782980545666,4.663501332828302,1396893.1718238913,1354855.6135725,42037.558251391485,0.0,1353767.68,4995306.0,0.0,4915200.0,13548556.135724999,420375.58251391485,0.0,13537676.799999999,18964237.718238913,5376000000000000.0,0.11614829799107143,0.4409467475408973,170.85252478789272,121666.66666666667,31633.333333333336,13154403.158890916,483
48,46,2,0,0,0,0,0,47,0,0,0,0,0,47,1,0,128000000000000,True,True,0.36,5,0.26,0.07,0,7000000000.0,4000000000.0,False,1,7000000000.0,4000000000.0,False,/home/sejun000/availability/2tier-singleport.json,20,7277969952.0,4.0,True,True,0.2,0.5,10,6489462059.806657,7008000000.0,7008000000.0,6071458140.306464,6489405072.637778,0.926007714013507,1.0,0.926007714013507,1.1308135549734468,0.9995954522615648,0.8663610360026347,0.8740668997801759,0.925999582282788,1.1307658287586435,3214653.5542795844,1357937.1943375,1856716.3599420844,0.0,1356849.152,4995306.0,0.0,4915200.0,13579371.943375,18567163.599420846,0.0,13568491.52,37141841.542795844,5765333333333333.0,0.10830479590656801,0.8052839141158905,98.5128660194083,121666.66666666667,31633.333333333336,5163.877594888491,1256517
48,46,2,0,0,0,0,0,46,0,0,0,0,0,46,2,0,128000000000000,True,True,0.36,5,0.26,0.07,0,7000000000.0,4000000000.0,False,1,7000000000.0,4000000000.0,False,/home/sejun000/availability/2tier-singleport.json,20,7277969952.0,4.0,True,True,0.2,0.5,10,6930997056.424872,7008000000.0,7008000000.0,6412519349.038384,6930926363.542806,0.9890121370469281,1.0,0.9890121370469281,1.9590867659875357,0.6878565200065431,0.915028445924427,1.0707264387049928,0.9890020495922953,1.9586882429837233,2636835.2851972976,1358664.0083812498,1278171.2768160477,0.0,1357571.328,4995306.0,0.0,4915200.0,13586640.083812498,12781712.768160477,0.0,13575713.28,31363658.851972975,5642666666666667.0,0.11065924799149338,0.694788047583286,94.42444807212702,121666.66666666667,31633.333333333336,35774.39840974257,193689
48,46,2,0,0,0,0,0,45,0,0,0,0,0,45,3,0,128000000000000,True,True,0.36,5,0.26,0.07,0,7000000000.0,4000000000.0,False,1,7000000000.0,4000000000.0,False,/home/sejun000/availability/2tier-singleport.json,20,7277969952.0,4.0,True,True,0.2,0.5,10,6999326654.973296,7008000000.0,7008000000.0,6465077521.9807005,6999254151.132635,0.9987623651502991,1.0,0.9987623651502991,2.9074074701395825,0.13125411976342033,0.922528185214141,1.1108562705176823,0.9987520192826249,2.9037921249118424,1601752.0284679586,1357950.041845,243801.9866229585,0.0,1356864.0,4995306.0,0.0,4915200.0,13579500.418450002,2438019.866229585,0.0,13568640.0,21012826.284679584,5520000000000000.0,0.11311834239130435,0.4758339285479978,93.72346783649796,121666.66666666667,31633.333333333336,317523.906056429,21995
48,45,3,0,0,0,0,0,47,0,0,0,0,0,47,1,0,128000000000000,True,True,0.36,5,0.26,0.07,0,7000000000.0,4000000000.0,False,1,7000000000.0,4000000000.0,False,/home/sejun000/availability/2tier-singleport.json,20,7277969952.0,4.0,True,True,0.2,0.5,10,6992825506.3738365,7008000000.0,7008000000.0,6895305119.233348,6992812595.726246,0.9978346898364493,1.0,0.9978346898364493,2.664479885605961,0.20060957947624117,0.9839191094796443,1.7936899047562425,0.9978328475636766,2.664110539568178,1731120.7589829392,1358401.73463625,372719.0243466891,0.0,1357323.52,4995306.0,0.0,4915200.0,13584017.3463625,3727190.2434668913,0.0,13573235.2,22306513.589829393,5640000000000000.0,0.11071156914893618,0.49438195012919756,93.0558819849197,121666.66666666667,31633.333333333336,182579.53593394137,38246
48,45,3,0,0,0,0,0,46,0,0,0,0,0,46,2,0,128000000000000,True,True,0.36,5,0.26,0.07,0,7000000000.0,4000000000.0,False,1,7000000000.0,4000000000.0,False,/home/sejun000/availability/2tier-singleport.json,20,7277969952.0,4.0,True,True,0.2,0.5,10,7007627677.027836,7008000000.0,7008000000.0,6906388618.808939,7007614152.191125,0.9999468717220086,1.0,0.9999468717220086,4.2746742603361385,0.00716262993311428,0.985500659076618,1.8386517384439012,0.9999449418080943,4.259178054807752,1371258.2862541554,1357953.81279875,13304.473455405527,0.0,1356869.888,4995306.0,0.0,4915200.0,13579538.127987498,133044.73455405526,0.0,13568698.88,18707888.862541556,5520000000000000.0,0.11311834239130435,0.42363878764813306,93.04281361782903,121666.66666666667,31633.333333333336,7405415.040080269,913
48,45,3,0,0,0,0,0,45,0,0,0,0,0,45,3,0,128000000000000,True,True,0.36,5,0.26,0.07,0,7000000000.0,4000000000.0,False,1,7000000000.0,4000000000.0,False,/home/sejun000/availability/2tier-singleport.json,20,7277969952.0,4.0,True,True,0.2,0.5,10,7007996493.878347,7008000000.0,7008000000.0,6906822558.298542,7007982910.699884,0.9999994996972528,1.0,0.9999994996972528,6.3007671123398605,0.0018516910094579998,0.9855625796658879,1.840510399200211,0.9999975614583169,5.612869816409771,1361776.8944229356,1358336.69825,3440.1961729355494,0.0,1357248.384,4995306.0,0.0,4915200.0,13583366.982499998,34401.96172935549,0.0,13572483.84,18613074.944229357,5400000000000000.0,0.11563208333333334,0.4308582163016055,93.03330674419766,121666.66666666667,31633.333333333336,96727670.4516707,8
