total_ssds,m,k,l,cached_ssds,cached_m,cached_k,cached_l,cached_network_m,cached_network_k,cached_network_l,inter_replicas,intra_replicas,cached_write_ratio,network_m,network_k,network_l,capacity,qlc,simulation,dwpd,guaranteed_years,dwpd_limit,op_ratio,waf_ratio,ssd_read_bw,ssd_write_bw,qlc_cache,cached_dwpd_limit,cached_ssd_read_bw,cached_ssd_write_bw,write_through,config_file,nprocs,box_mttf,io_module_mttr,active_active,single_port_ssd,rebuild_bw_ratio,target_perf_ratio,simulation_year,up_time,cached_up_time,simulation_time,effective_up_time,credit_up_time,uncached_availability,cached_availability,availability,avail_nines,total_credit_ratio,effective_availability,eff_avail_nines,credit_availability,credit_avail_nines,operation_cost_per_year,repair_cost_per_year,down_cost_per_year,cached_ssd_repair_cost_per_year,uncached_ssd_repair_cost_per_year,initial_cost,cached_initial_cost,uncached_initial_cost,repair_cost_for_10_years,down_cost_for_10_years,cached_ssd_repair_cost_for_10_years,uncached_ssd_repair_cost_for_10_years,total_cost_for_10_years,effective_capacity,initial_cost_per_gb,cost_per_gb,avg_time_for_rebuilding,cached_mttf,mttf,total_mttdl,total_mttdl_count
48,43,1,4,0,0,0,0,8,0,0,0,0,0,8,0,0,128000000000000,True,True,0.36,5,0.26,0.07,0,7000000000.0,4000000000.0,False,1,7000000000.0,4000000000.0,False,/home/sejun000/availability/2tier.json,20,0,4.0,False,False,0.2,0.8,10,6013964823.909877,7008000000.0,7008000000.0,6013963759.233143,6013964025.402327,0.8581570810373683,1.0,0.8581570810373683,0.8481923400388367,0.9999200253642767,0.8581569291143183,0.8481918748812705,0.8581569670950808,0.8481919911706155,3507103.8031519842,1502503.1665899998,2004600.6365619844,0.0,1347335.808,5022578.0,0.0,4915200.0,15025031.665899998,20046006.365619846,0.0,13473358.08,40093616.031519845,5867900826446281.0,0.10699264840510636,0.8540877141877615,309.5567455325053,121666.66666666667,31633.333333333336,8290.509937009732,725381
48,42,2,4,0,0,0,0,8,0,0,0,0,0,8,0,0,128000000000000,True,True,0.36,5,0.26,0.07,0,7000000000.0,4000000000.0,False,1,7000000000.0,4000000000.0,False,/home/sejun000/availability/2tier.json,20,0,4.0,False,False,0.2,0.8,10,6979151115.312561,7008000000.0,7008000000.0,6979149859.938648,6979150173.782126,0.9958834354041897,1.0,0.9958834354041897,2.3854650653893787,0.3544899822422211,0.9958832562697842,2.3854461672549414,0.9958833010533856,2.3854508917114594,2228198.589556836,1513597.9282475,714600.661309336,0.0,1358276.864,5022578.0,0.0,4915200.0,15135979.282475,7146006.613093359,0.0,13582768.64,27304563.89556836,5598148760330579.0,0.11214818985319822,0.6096784192538138,68.3876327854981,121666.66666666667,31633.333333333336,179889.2966702165,38771
48,41,3,4,0,0,0,0,8,0,0,0,0,0,8,0,0,128000000000000,True,True,0.36,5,0.26,0.07,0,7000000000.0,4000000000.0,False,1,7000000000.0,4000000000.0,False,/home/sejun000/availability/2tier.json,20,0,4.0,False,False,0.2,0.8,10,7007452016.991773,7008000000.0,7008000000.0,7007450695.432934,7007451025.822643,0.9999218060775932,1.0,0.9999218060775932,4.106827001003498,0.015091346843792547,0.9999216174989917,4.105780883282135,0.9999216646436421,4.106042176570394,1544296.6586077162,1513870.5661525,30426.092455216156,0.0,1358592.384,5022578.0,0.0,4915200.0,15138705.661525,304260.92455216154,0.0,13585923.84,20465544.58607716,5334743801652892.0,0.11768554842417708,0.479534382226008,58.54824120950153,121666.66666666667,31633.333333333336,6106391.4733448345,1121
48,40,4,4,0,0,0,0,8,0,0,0,0,0,8,0,0,128000000000000,True,True,0.36,5,0.26,0.07,0,7000000000.0,4000000000.0,False,1,7000000000.0,4000000000.0,False,/home/sejun000/availability/2tier.json,20,0,4.0,False,False,0.2,0.8,10,7007974401.490123,7008000000.0,7008000000.0,7007973155.4082365,7007973466.928709,0.9999963472445952,1.0,0.9999963472445952,5.437379407967569,0.003906249332753387,0.9999961694361068,5.416737289301476,0.999996213888229,5.421806569240059,1522188.5221581035,1514311.300455,7877.2217031034415,0.0,1359162.496,5022578.0,0.0,4915200.0,15143113.00455,78772.21703103441,0.0,13591624.96,20244463.221581034,5077685950413223.0,0.12364337931315106,0.4983683369570527,58.34690004057504,121666.66666666667,31633.333333333336,84482222.80134408,44
48,39,5,4,0,0,0,0,8,0,0,0,0,0,8,0,0,128000000000000,True,True,0.36,5,0.26,0.07,0,7000000000.0,4000000000.0,False,1,7000000000.0,4000000000.0,False,/home/sejun000/availability/2tier.json,20,0,4.0,False,False,0.2,0.8,10,7007987530.162799,7008000000.0,7008000000.0,7007986208.929178,7007986539.237582,0.9999982206282533,1.0,0.9999982206282533,5.749733309541193,0.003614051405895218,0.9999980320960585,5.705996104435257,0.999998079229107,5.716524434116808,1520825.6173058343,1513540.41891875,7285.198387084385,0.0,1358304.64,5022578.0,0.0,4915200.0,15135404.1891875,72851.98387084385,0.0,13583046.399999999,20230834.173058342,4939230443974630.0,0.1271093254549159,0.5119935788210173,58.34944381143535,121666.66666666667,31633.333333333336,82665069.8646848,1
48,38,6,4,0,0,0,0,8,0,0,0,0,0,8,0,0,128000000000000,True,True,0.36,5,0.26,0.07,0,7000000000.0,4000000000.0,False,1,7000000000.0,4000000000.0,False,/home/sejun000/availability/2tier.json,20,0,4.0,False,False,0.2,0.8,10,7007988076.79612,7008000000.0,7008000000.0,7007986849.525056,7007987156.342822,0.9999982986295833,1.0,0.9999982986295833,5.769201122954634,0.0035885071461595774,0.9999981235052876,5.726652655008626,0.9999981672863616,5.736905388270646,1521126.4466158524,1513891.480515,7234.966100852568,0.0,1358577.024,5022578.0,0.0,4915200.0,15138914.805149999,72349.66100852568,0.0,13585770.24,20233842.466158524,4800831168831169.0,0.1307736572941915,0.5268317546116901,58.32783904518059,121666.66666666667,31633.333333333336,0,0
48,43,1,4,0,0,0,0,8,0,0,0,0,0,8,0,0,128000000000000,True,True,0.36,5,0.26,0.07,0,7000000000.0,4000000000.0,False,1,7000000000.0,4000000000.0,False,/home/sejun000/availability/2tier-singleport.json,20,0,4.0,False,True,0.2,0.8,10,6005091460.166227,7008000000.0,7008000000.0,6005091460.166227,6005091460.166227,0.8568909047040849,1.0,0.8568909047040849,0.8443327637852811,1.0000008955535948,0.8568909047040849,0.8443327637852811,0.8568909047040849,0.8443327637852811,3351431.73831831,1425949.70697375,1925482.0313445604,0.0,1347780.992,4995306.0,0.0,4915200.0,14259497.0697375,19254820.313445605,0.0,13477809.920000002,38509623.3831831,5867900826446281.0,0.10641169107456733,0.8203449692269532,311.4039020359252,121666.66666666667,31633.333333333336,8280.59323250579,726122
48,42,2,4,0,0,0,0,8,0,0,0,0,0,8,0,0,128000000000000,True,True,0.36,5,0.26,0.07,0,7000000000.0,4000000000.0,False,1,7000000000.0,4000000000.0,False,/home/sejun000/availability/2tier-singleport.json,20,0,4.0,False,True,0.2,0.8,10,6970119189.917719,7008000000.0,7008000000.0,6970119189.917719,6970119189.917719,0.9945946332645147,1.0,0.9945946332645147,2.267174835328716,0.9495165014853463,0.9945946332645147,2.267174835328716,0.9945946332645147,2.267174835328716,3276140.264669597,1437191.0752424998,1838949.1894270976,0.0,1358968.96,4995306.0,0.0,4915200.0,14371910.752424998,18389491.894270975,0.0,13589689.6,37756708.64669597,5598148760330579.0,0.11153923854698128,0.8430623734547379,68.40558383894685,121666.66666666667,31633.333333333336,179204.5938587819,38917
48,41,3,4,0,0,0,0,8,0,0,0,0,0,8,0,0,128000000000000,True,True,0.36,5,0.26,0.07,0,7000000000.0,4000000000.0,False,1,7000000000.0,4000000000.0,False,/home/sejun000/availability/2tier-singleport.json,20,0,4.0,False,True,0.2,0.8,10,6998358042.971719,7008000000.0,7008000000.0,6998358042.971719,6998358042.971719,0.9986241499674257,1.0,0.9986241499674257,2.8614289015473675,0.9211120813729131,0.9986241499674257,2.8614289015473675,0.9986241499674257,2.8614289015473675,3221203.365056751,1437229.88427,1783973.4807867508,0.0,1359016.448,4995306.0,0.0,4915200.0,14372298.8427,17839734.80786751,0.0,13590164.48,37207339.65056751,5334743801652892.0,0.1170465299208061,0.8718164600294245,58.67122755941726,121666.66666666667,31633.333333333336,5929900.204734342,1161
48,40,4,4,0,0,0,0,8,0,0,0,0,0,8,0,0,128000000000000,True,True,0.36,5,0.26,0.07,0,7000000000.0,4000000000.0,False,1,7000000000.0,4000000000.0,False,/home/sejun000/availability/2tier-singleport.json,20,0,4.0,False,True,0.2,0.8,10,6998951830.468543,7008000000.0,7008000000.0,6998951830.468543,6998951830.468543,0.9987088799184565,1.0,0.9987088799184565,2.88903336398726,0.9186061734073947,0.9987088799184565,2.88903336398726,0.9987088799184565,2.88903336398726,3215289.0042464165,1436676.86963875,1778612.1346076664,0.0,1358582.144,4995306.0,0.0,4915200.0,14366768.696387501,17786121.346076664,0.0,13585821.440000001,37148196.04246417,5077685950413223.0,0.12297201049804687,0.914496199775831,58.421264594902254,121666.66666666667,31633.333333333336,90849044.75957105,33
48,39,5,4,0,0,0,0,8,0,0,0,0,0,8,0,0,128000000000000,True,True,0.36,5,0.26,0.07,0,7000000000.0,4000000000.0,False,1,7000000000.0,4000000000.0,False,/home/sejun000/availability/2tier-singleport.json,20,0,4.0,False,True,0.2,0.8,10,6998954315.74962,7008000000.0,7008000000.0,6998954315.74962,6998954315.74962,0.9987092345533134,1.0,0.9987092345533134,2.889152669015107,0.9209224839238562,0.9987092345533134,2.889152669015107,0.9987092345533134,2.889152669015107,3219926.3912210604,1436756.2738062502,1783170.1174148105,0.0,1358586.752,4995306.0,0.0,4915200.0,14367562.738062501,17831701.174148105,0.0,13585867.520000001,37194569.912210606,4939230443974630.0,0.12641913696529833,0.9413047825492805,58.39169142863776,121666.66666666667,31633.333333333336,165605982.6391225,3
48,38,6,4,0,0,0,0,8,0,0,0,0,0,8,0,0,128000000000000,True,True,0.36,5,0.26,0.07,0,7000000000.0,4000000000.0,False,1,7000000000.0,4000000000.0,False,/home/sejun000/availability/2tier-singleport.json,20,0,4.0,False,True,0.2,0.8,10,6998953260.945251,7008000000.0,7008000000.0,6998953260.945251,6998953260.945251,0.9987090840389914,1.0,0.9987090840389914,2.8891020295060073,0.9201330021645969,0.9987090840389914,2.8891020295060073,0.9987090840389914,2.8891020295060073,3217381.49577317,1436227.0228225,1781154.4729506702,0.0,1358038.144,4995306.0,0.0,4915200.0,14362270.228225,17811544.7295067,0.0,13580381.440000001,37169120.9577317,4800831168831169.0,0.1300635719193646,0.9677782776201298,58.38926103996372,121666.66666666667,31633.333333333336,0,0
48,43,1,4,0,0,0,0,8,0,0,0,0,0,8,0,0,128000000000000,True,True,0.36,5,0.26,0.07,0,7000000000.0,4000000000.0,False,1,7000000000.0,4000000000.0,False,/home/sejun000/availability/3tier.json,20,0,4.0,False,False,0.2,0.8,10,6580133901.853369,7008000000.0,7008000000.0,6580133218.777489,6580133711.863402,0.938946047638894,1.0,0.938946047638894,1.214286216517482,0.9999288856681311,0.9389459501680206,1.2142855231794256,0.9389460205284536,1.214286023673094,3855528.523433073,1666229.6125174998,2189298.910915573,0.0,1354972.544,5232250.0,0.0,4915200.0,16662296.125175,21892989.10915573,0.0,13549725.44,43787535.23433073,5867900826446281.0,0.11145915197685685,0.9327768253380941,147.9270843807938,121666.66666666667,31633.333333333336,8298.471635048849,792910
48,42,2,4,0,0,0,0,8,0,0,0,0,0,8,0,0,128000000000000,True,True,0.36,5,0.26,0.07,0,7000000000.0,4000000000.0,False,1,7000000000.0,4000000000.0,False,/home/sejun000/availability/3tier.json,20,0,4.0,False,False,0.2,0.8,10,6995213344.303504,7008000000.0,7008000000.0,6995212705.700159,6995213165.365686,0.9981754201346325,1.0,0.9981754201346325,2.7388371219790844,0.32493019199211054,0.9981753290097259,2.7388154325717866,0.998175394601268,2.738831044458503,2382785.4476558026,1670105.98847,712679.4591858027,0.0,1358751.36,5232250.0,0.0,4915200.0,16701059.8847,7126794.5918580275,0.0,13587513.600000001,29060104.476558026,5598148760330579.0,0.1168299161027258,0.648877551327387,62.69767588113321,121666.66666666667,31633.333333333336,181583.92678062775,38509
48,41,3,4,0,0,0,0,8,0,0,0,0,0,8,0,0,128000000000000,True,True,0.36,5,0.26,0.07,0,7000000000.0,4000000000.0,False,1,7000000000.0,4000000000.0,False,/home/sejun000/availability/3tier.json,20,0,4.0,False,False,0.2,0.8,10,7007719721.18898,7008000000.0,7008000000.0,7007719018.588255,7007719526.15634,0.999960005877423,1.0,0.999960005877423,4.398003826669624,0.011550003271104234,0.9999599056204702,4.396916502947844,0.9999599780474229,4.397701726974503,1695308.8210674813,1669977.3270162502,25331.494051231108,0.0,1358528.256,5232250.0,0.0,4915200.0,16699773.270162502,253314.94051231106,0.0,13585282.56,22185338.210674815,5334743801652892.0,0.12259843664795263,0.5198313882430731,58.45022311506976,121666.66666666667,31633.333333333336,5724595.402100282,1211
48,40,4,4,0,0,0,0,8,0,0,0,0,0,8,0,0,128000000000000,True,True,0.36,5,0.26,0.07,0,7000000000.0,4000000000.0,False,1,7000000000.0,4000000000.0,False,/home/sejun000/availability/3tier.json,20,0,4.0,False,False,0.2,0.8,10,7007994124.116444,7008000000.0,7008000000.0,7007993498.936591,7007993945.143248,0.9999991615462962,1.0,0.9999991615462962,6.076520912472781,0.0005102894182652086,0.9999990723368424,6.032609691174867,0.9999991360078835,6.063490220216126,1671583.0051227107,1670463.58904875,1119.4160739607128,0.0,1359195.264,5232250.0,0.0,4915200.0,16704635.8904875,11194.160739607127,0.0,13591952.64,21948080.051227108,5077685950413223.0,0.12880498250325523,0.5403071464433756,58.34889343193518,121666.66666666667,31633.333333333336,103404270.80815725,29
48,39,5,4,0,0,0,0,8,0,0,0,0,0,8,0,0,128000000000000,True,True,0.36,5,0.26,0.07,0,7000000000.0,4000000000.0,False,1,7000000000.0,4000000000.0,False,/home/sejun000/availability/3tier.json,20,0,4.0,False,False,0.2,0.8,10,7007999953.590413,7008000000.0,7008000000.0,7007999305.203581,7007999770.334478,0.9999999933776275,1.0,0.9999999933776275,8.178986391813716,0.00025228083422582624,0.9999999008566753,7.0037365216043606,0.9999999672280934,7.484498291115475,1670038.5559244056,1669485.37712125,553.1788031557751,0.0,1358094.08,5232250.0,0.0,4915200.0,16694853.7712125,5531.788031557751,0.0,13580940.8,21932635.559244055,4939230443974630.0,0.13241561765919488,0.5550620640205118,58.32821316046312,121666.66666666667,31633.333333333336,0,0
48,38,6,4,0,0,0,0,8,0,0,0,0,0,8,0,0,128000000000000,True,True,0.36,5,0.26,0.07,0,7000000000.0,4000000000.0,False,1,7000000000.0,4000000000.0,False,/home/sejun000/availability/3tier.json,20,0,4.0,False,False,0.2,0.8,10,7007999976.0,7008000000.0,7008000000.0,7007999284.6259775,7007999789.862362,0.9999999965753424,1.0,0.9999999965753424,8.46538284849473,0.0002669668450569709,0.9999998979203735,6.99106092753857,0.9999999700146064,7.523090245887971,1670341.6302035763,1669756.1769375,585.4532660763273,0.0,1358424.96,5232250.0,0.0,4915200.0,16697561.769375,5854.532660763272,0.0,13584249.6,21935666.302035764,4800831168831169.0,0.13623292030059728,0.5711424108300895,58.3410992178477,121666.66666666667,31633.333333333336,0,0
48,43,1,4,0,0,0,0,8,0,0,0,0,0,8,0,0,128000000000000,True,True,0.36,5,0.26,0.07,0,7000000000.0,4000000000.0,False,1,7000000000.0,4000000000.0,False,/home/sejun000/availability/3tier-singleport.json,20,0,4.0,False,True,0.2,0.8,10,6013109027.581421,7008000000.0,7008000000.0,6013109005.065458,6013109010.694448,0.8580349639813671,1.0,0.8580349639813671,0.8478186030388004,0.999963525921704,0.858034960768473,0.8478185932100268,0.8580349615716965,0.8478185956672201,3838089.0030943174,1658786.94701375,2179302.056080567,0.0,1347958.656,5205946.0,0.0,4915200.0,16587869.4701375,21793020.56080567,0.0,13479586.559999999,43586836.03094317,5867900826446281.0,0.11089881530838741,0.9285014633022572,311.1072973630777,121666.66666666667,31633.333333333336,8284.552931856624,725832
48,42,2,4,0,0,0,0,8,0,0,0,0,0,8,0,0,128000000000000,True,True,0.36,5,0.26,0.07,0,7000000000.0,4000000000.0,False,1,7000000000.0,4000000000.0,False,/home/sejun000/availability/3tier-singleport.json,20,0,4.0,False,True,0.2,0.8,10,6978827650.621664,7008000000.0,7008000000.0,6978827610.911979,6978827620.839399,0.9958372789129086,1.0,0.9958372789129086,2.380622686974159,0.36206719005333465,0.9958372732465723,2.380622095808704,0.9958372746631563,2.3806222435999804,2462734.8413458136,1669700.7563025,793034.0850433136,0.0,1358777.088,5205946.0,0.0,4915200.0,16697007.563025,7930340.850433135,0.0,13587770.879999999,29833294.413458135,5598148760330579.0,0.11624257908458521,0.6661419625194195,68.34126707271672,121666.66666666667,31633.333333333336,179207.65432942612,38932
48,41,3,4,0,0,0,0,8,0,0,0,0,0,8,0,0,128000000000000,True,True,0.36,5,0.26,0.07,0,7000000000.0,4000000000.0,False,1,7000000000.0,4000000000.0,False,/home/sejun000/availability/3tier-singleport.json,20,0,4.0,False,True,0.2,0.8,10,7007184203.528201,7008000000.0,7008000000.0,7007184171.671156,7007184179.635417,0.9998835906861018,1.0,0.9998835906861018,3.934012270435437,0.02503449885099504,0.9998835861402905,3.9339953114641664,0.9998835872767433,3.9339995511448995,1723960.558827984,1669141.6101900002,54818.94863798379,0.0,1358064.0,5205946.0,0.0,4915200.0,16691416.101900002,548189.4863798379,0.0,13580640.0,22445551.58827984,5334743801652892.0,0.12198209964616796,0.5259285268142917,58.558119509192906,121666.66666666667,31633.333333333336,5812458.601775044,1191
48,40,4,4,0,0,0,0,8,0,0,0,0,0,8,0,0,128000000000000,True,True,0.36,5,0.26,0.07,0,7000000000.0,4000000000.0,False,1,7000000000.0,4000000000.0,False,/home/sejun000/availability/3tier-singleport.json,20,0,4.0,False,True,0.2,0.8,10,7007747887.307701,7008000000.0,7008000000.0,7007747858.639721,7007747865.806714,0.9999640250153683,1.0,0.9999640250153683,4.4439993829193,0.013079758198037972,0.9999640209246177,4.443950001677274,0.999964021947305,4.443962346458046,1698040.4398604527,1669395.8937462498,28644.546114202738,0.0,1358374.272,5205946.0,0.0,4915200.0,16693958.937462498,286445.4611420274,0.0,13583742.72,22186350.398604527,5077685950413223.0,0.1281574434407552,0.5461727698224178,58.33881477719434,121666.66666666667,31633.333333333336,128488457.46869853,33
48,39,5,4,0,0,0,0,8,0,0,0,0,0,8,0,0,128000000000000,True,True,0.36,5,0.26,0.07,0,7000000000.0,4000000000.0,False,1,7000000000.0,4000000000.0,False,/home/sejun000/availability/3tier-singleport.json,20,0,4.0,False,True,0.2,0.8,10,7007763657.616053,7008000000.0,7008000000.0,7007763625.264061,7007763633.352057,0.9999662753447564,1.0,0.9999662753447564,4.47205248128677,0.012655270667578392,0.9999662707283192,4.471993036469768,0.9999662718824283,4.472007896908012,1697617.6029051142,1669896.347075,27721.25583011426,0.0,1358879.232,5205946.0,0.0,4915200.0,16698963.47075,277212.5583011426,0.0,13588792.32,22182122.02905114,4939230443974630.0,0.1317499269129753,0.5613759643496469,58.34641050205827,121666.66666666667,31633.333333333336,47483276.375526816,2
48,38,6,4,0,0,0,0,8,0,0,0,0,0,8,0,0,128000000000000,True,True,0.36,5,0.26,0.07,0,7000000000.0,4000000000.0,False,1,7000000000.0,4000000000.0,False,/home/sejun000/availability/3tier-singleport.json,20,0,4.0,False,True,0.2,0.8,10,7007762963.696678,7008000000.0,7008000000.0,7007762945.947291,7007762950.38464,0.9999661763265808,1.0,0.9999661763265808,4.47077922763559,0.012677338767383691,0.9999661737938487,4.4707467086836585,0.999966174427032,4.470754838196576,1697032.356966698,1669270.692795,27761.664171698092,0.0,1358079.488,5205946.0,0.0,4915200.0,16692706.92795,277616.6417169809,0.0,13580794.879999999,22176269.56966698,4800831168831169.0,0.13554803889478012,0.5774070361410489,58.33288758142338,121666.66666666667,31633.333333333336,0,0
